{
    "loss": 1.766662359237671,
    "accuracy": 0.4571428596973419
}